{
  "hash": "56b36abf",
  "configHash": "3396b1e5",
  "lockfileHash": "39c0bf5e",
  "browserHash": "f9d4a089",
  "optimized": {
    "@angular/common": {
      "src": "../../../../../node_modules/@angular/common/fesm2022/common.mjs",
      "file": "@angular_common.js",
      "fileHash": "0808e60b",
      "needsInterop": false
    },
    "@angular/common/http": {
      "src": "../../../../../node_modules/@angular/common/fesm2022/http.mjs",
      "file": "@angular_common_http.js",
      "fileHash": "9b53212f",
      "needsInterop": false
    },
    "@angular/core": {
      "src": "../../../../../node_modules/@angular/core/fesm2022/core.mjs",
      "file": "@angular_core.js",
      "fileHash": "ff277a76",
      "needsInterop": false
    },
    "@angular/forms": {
      "src": "../../../../../node_modules/@angular/forms/fesm2022/forms.mjs",
      "file": "@angular_forms.js",
      "fileHash": "12ff5cde",
      "needsInterop": false
    },
    "@angular/platform-browser": {
      "src": "../../../../../node_modules/@angular/platform-browser/fesm2022/platform-browser.mjs",
      "file": "@angular_platform-browser.js",
      "fileHash": "25edd305",
      "needsInterop": false
    },
    "@angular/platform-browser/animations": {
      "src": "../../../../../node_modules/@angular/platform-browser/fesm2022/animations.mjs",
      "file": "@angular_platform-browser_animations.js",
      "fileHash": "2acd3648",
      "needsInterop": false
    },
    "@angular/router": {
      "src": "../../../../../node_modules/@angular/router/fesm2022/router.mjs",
      "file": "@angular_router.js",
      "fileHash": "1d9a8ecc",
      "needsInterop": false
    },
    "@ngx-translate/core": {
      "src": "../../../../../node_modules/@ngx-translate/core/dist/fesm2022/ngx-translate-core.mjs",
      "file": "@ngx-translate_core.js",
      "fileHash": "f8fc7ec3",
      "needsInterop": false
    },
    "@ngx-translate/http-loader": {
      "src": "../../../../../node_modules/@ngx-translate/http-loader/dist/fesm2022/ngx-translate-http-loader.mjs",
      "file": "@ngx-translate_http-loader.js",
      "fileHash": "c2c3d3a2",
      "needsInterop": false
    },
    "primeng/button": {
      "src": "../../../../../node_modules/primeng/fesm2022/primeng-button.mjs",
      "file": "primeng_button.js",
      "fileHash": "c554bdbf",
      "needsInterop": false
    },
    "primeng/colorpicker": {
      "src": "../../../../../node_modules/primeng/fesm2022/primeng-colorpicker.mjs",
      "file": "primeng_colorpicker.js",
      "fileHash": "7ff9618e",
      "needsInterop": false
    },
    "primeng/dialog": {
      "src": "../../../../../node_modules/primeng/fesm2022/primeng-dialog.mjs",
      "file": "primeng_dialog.js",
      "fileHash": "8275c246",
      "needsInterop": false
    },
    "primeng/dropdown": {
      "src": "../../../../../node_modules/primeng/fesm2022/primeng-dropdown.mjs",
      "file": "primeng_dropdown.js",
      "fileHash": "ea1c63e0",
      "needsInterop": false
    },
    "primeng/inputtext": {
      "src": "../../../../../node_modules/primeng/fesm2022/primeng-inputtext.mjs",
      "file": "primeng_inputtext.js",
      "fileHash": "161d890b",
      "needsInterop": false
    },
    "primeng/tabview": {
      "src": "../../../../../node_modules/primeng/fesm2022/primeng-tabview.mjs",
      "file": "primeng_tabview.js",
      "fileHash": "8940ad08",
      "needsInterop": false
    },
    "rxjs": {
      "src": "../../../../../node_modules/rxjs/dist/esm5/index.js",
      "file": "rxjs.js",
      "fileHash": "fda8a603",
      "needsInterop": false
    }
  },
  "chunks": {
    "chunk-ARWHNC26": {
      "file": "chunk-ARWHNC26.js"
    },
    "chunk-LX7PMAWX": {
      "file": "chunk-LX7PMAWX.js"
    },
    "chunk-6KQSV44N": {
      "file": "chunk-6KQSV44N.js"
    },
    "chunk-LYTEHAHI": {
      "file": "chunk-LYTEHAHI.js"
    },
    "chunk-YH3NFU6Q": {
      "file": "chunk-YH3NFU6Q.js"
    },
    "chunk-MQOX2MMM": {
      "file": "chunk-MQOX2MMM.js"
    },
    "chunk-YKHKSWUR": {
      "file": "chunk-YKHKSWUR.js"
    },
    "chunk-GFZWSJ3F": {
      "file": "chunk-GFZWSJ3F.js"
    },
    "chunk-JZQAVOZS": {
      "file": "chunk-JZQAVOZS.js"
    },
    "chunk-AWAQQT3D": {
      "file": "chunk-AWAQQT3D.js"
    },
    "chunk-UC4O4A3D": {
      "file": "chunk-UC4O4A3D.js"
    },
    "chunk-P2LZLEM5": {
      "file": "chunk-P2LZLEM5.js"
    },
    "chunk-LGAY4YQG": {
      "file": "chunk-LGAY4YQG.js"
    },
    "chunk-ZS7RCKF3": {
      "file": "chunk-ZS7RCKF3.js"
    },
    "chunk-OBCKPMKI": {
      "file": "chunk-OBCKPMKI.js"
    },
    "chunk-J4B6MK7R": {
      "file": "chunk-J4B6MK7R.js"
    }
  }
}